ID,TARGET
0000.jpg,KARACADAG
0001.jpg,BRRI67
0002.jpg,BINADHAN16
0003.jpg,BINADHAN16
0004.jpg,KARACADAG
0005.jpg,BINADHAN16
0006.jpg,IPSALA
0007.jpg,BINADHAN7
0008.jpg,BINADHAN25
0009.jpg,BINADHAN16
0010.jpg,IPSALA
0011.jpg,BINADHAN25
0012.jpg,BINADHAN16
0013.jpg,KIRMIZI
0014.png,ALA_IDRIS
0015.jpg,BD72
0016.jpg,BR22
0017.png,NAZLI
0018.jpg,BR22
0019.jpg,JASMINE
0020.jpg,BINADHAN25
0021.jpg,KIRMIZI
0022.jpg,BRRI67
0023.png,ALA_IDRIS
0024.jpg,BR22
0025.jpg,IPSALA
0026.jpg,IPSALA
0027.jpg,BRRI67
0028.jpg,BD95
0029.jpg,BRRI67
0030.jpg,BINADHAN16
0031.jpg,BD95
0032.jpg,BASMATI
0033.jpg,KIRMIZI
0034.jpg,BD72
0035.jpg,BASMATI
0036.jpg,BD30
0037.jpg,ARBORIO
0038.jpg,BR22
0039.jpg,KARACADAG
0040.jpg,BR22
0041.jpg,BD95
0042.jpg,BRRI67
0043.png,DIMNIT
0044.jpg,BASMATI
0045.jpg,KIRMIZI
0046.jpg,KIRMIZI
0047.jpg,BINADHAN16
0048.jpg,ARBORIO
0049.jpg,BR22
0050.jpg,BINADHAN7
0051.jpg,BD95
0052.jpg,BINADHAN7
0053.jpg,JASMINE
0054.jpg,BINADHAN7
0055.jpg,BASMATI
0056.jpg,IPSALA
0057.jpg,BD95
0058.jpg,ARBORIO
0059.jpg,BINADHAN25
0060.jpg,BD72
0061.jpg,BINADHAN7
0062.jpg,BASMATI
0063.jpg,BD72
0064.jpg,BD72
0065.jpg,BD95
0066.jpg,SIIRT
0067.jpg,IPSALA
0068.jpg,BINADHAN7
0069.jpg,BINADHAN25
0070.jpg,BRRI67
0071.jpg,BASMATI
0072.jpg,BD95
0073.jpg,KIRMIZI
0074.jpg,SIIRT
0075.jpg,IPSALA
0076.jpg,SIIRT
0077.jpg,BR22
0078.jpg,BINADHAN16
0079.png,NAZLI
0080.jpg,BD72
0081.jpg,SIIRT
0082.jpg,BASMATI
0083.jpg,BASMATI
0084.jpg,BINADHAN16
0085.jpg,BD30
0086.jpg,SIIRT
0087.jpg,BASMATI
0088.jpg,JASMINE
0089.jpg,BR22
0090.jpg,BINADHAN25
0091.jpg,ARBORIO
0092.jpg,KIRMIZI
0093.jpg,KIRMIZI
0094.jpg,BINADHAN7
0095.jpg,JASMINE
0096.jpg,BINADHAN7
0097.jpg,BASMATI
0098.jpg,ARBORIO
0099.jpg,BINADHAN25
0100.jpg,BD72
0101.jpg,SIIRT
0102.jpg,BR22
0103.jpg,KIRMIZI
0104.jpg,BD30
0105.jpg,BRRI67
0106.jpg,BR22
0107.jpg,IPSALA
0108.jpg,ARBORIO
0109.jpg,ARBORIO
0110.jpg,BD95
0111.jpg,ARBORIO
0112.jpg,BINADHAN16
0113.jpg,BR22
0114.jpg,BD72
0115.jpg,KARACADAG
0116.jpg,ARBORIO
0117.jpg,KIRMIZI
0118.jpg,BINADHAN16
0119.jpg,BINADHAN16
0120.jpg,SIIRT
0121.jpg,BASMATI
0122.jpg,BINADHAN25
0123.jpg,BINADHAN25
0124.jpg,ARBORIO
0125.jpg,SIIRT
0126.jpg,BASMATI
0127.jpg,BRRI67
0128.jpg,BINADHAN16
0129.jpg,IPSALA
0130.jpg,BD95
0131.jpg,BD72
0132.jpg,BR22
0133.jpg,KARACADAG
0134.jpg,IPSALA
0135.png,BUZGULU
0136.jpg,BINADHAN25
0137.jpg,BASMATI
0138.jpg,ARBORIO
0139.jpg,BASMATI
0140.jpg,BD30
0141.jpg,BRRI67
0142.jpg,BINADHAN25
0143.jpg,BINADHAN25
0144.jpg,BD95
0145.jpg,BASMATI
0146.jpg,KARACADAG
0147.jpg,KIRMIZI
0148.jpg,SIIRT
0149.jpg,BASMATI
0150.jpg,BR22
0151.jpg,BR22
0152.jpg,BINADHAN7
0153.jpg,JASMINE
0154.jpg,SIIRT
0155.jpg,BINADHAN7
0156.jpg,BD72
0157.jpg,BD72
0158.jpg,KARACADAG
0159.png,ALA_IDRIS
0160.jpg,BASMATI
0161.jpg,KIRMIZI
0162.jpg,BD95
0163.jpg,BD95
0164.jpg,KARACADAG
0165.jpg,BASMATI
0166.jpg,BD30
0167.jpg,IPSALA
0168.png,DIMNIT
0169.jpg,BINADHAN25
0170.jpg,BD95
0171.jpg,BINADHAN16
0172.jpg,KIRMIZI
0173.jpg,BD95
0174.jpg,JASMINE
0175.jpg,BD72
0176.jpg,KARACADAG
0177.jpg,BASMATI
0178.jpg,BINADHAN25
0179.jpg,BINADHAN25
0180.jpg,KARACADAG
0181.jpg,BR22
0182.jpg,BR22
0183.jpg,BASMATI
0184.jpg,BINADHAN16
0185.jpg,BD72
0186.jpg,BD72
0187.jpg,BD95
0188.jpg,BASMATI
0189.jpg,BASMATI
0190.jpg,BINADHAN7
0191.jpg,BD95
0192.jpg,BD72
0193.jpg,BD30
0194.jpg,BR22
0195.jpg,BR22
0196.png,BUZGULU
0197.jpg,BD72
0198.jpg,BD95
0199.jpg,ARBORIO
0200.jpg,BRRI67
0201.jpg,BASMATI
0202.png,DIMNIT
0203.jpg,BD95
0204.jpg,IPSALA
0205.jpg,BRRI67
0206.jpg,BR22
0207.jpg,BASMATI
0208.jpg,BD95
0209.jpg,ARBORIO
0210.jpg,BR22
0211.jpg,BINADHAN16
0212.jpg,ARBORIO
0213.jpg,BD95
0214.jpg,BRRI67
0215.jpg,BD95
0216.jpg,BR22
0217.jpg,BASMATI
0218.jpg,BD72
0219.jpg,BINADHAN16
0220.jpg,SIIRT
0221.jpg,IPSALA
0222.jpg,BINADHAN25
0223.jpg,BINADHAN16
0224.jpg,KARACADAG
0225.png,DIMNIT
0226.jpg,BD95
0227.jpg,BINADHAN25
0228.jpg,BINADHAN25
0229.jpg,BD95
0230.png,ALA_IDRIS
0231.jpg,BINADHAN16
0232.jpg,BD72
0233.jpg,BD95
0234.jpg,BINADHAN25
0235.jpg,SIIRT
0236.jpg,IPSALA
0237.jpg,BINADHAN16
0238.jpg,BD72
0239.jpg,BD72
0240.jpg,JASMINE
0241.jpg,KARACADAG
0242.jpg,BINADHAN25
0243.jpg,IPSALA
0244.jpg,BD30
0245.jpg,ARBORIO
0246.jpg,BR22
0247.jpg,BD95
0248.jpg,KARACADAG
0249.jpg,BD30
0250.jpg,BD72
0251.jpg,BASMATI
0252.jpg,IPSALA
0253.jpg,IPSALA
0254.jpg,BASMATI
0255.jpg,ARBORIO
0256.jpg,KARACADAG
0257.jpg,BD95
0258.jpg,ARBORIO
0259.jpg,BRRI67
0260.jpg,BASMATI
0261.jpg,KIRMIZI
0262.jpg,BD95
0263.jpg,BINADHAN16
0264.jpg,BRRI67
0265.jpg,IPSALA
0266.jpg,BRRI67
0267.jpg,IPSALA
0268.jpg,BINADHAN16
0269.jpg,JASMINE
0270.jpg,BINADHAN7
0271.jpg,BASMATI
0272.jpg,KARACADAG
0273.jpg,KARACADAG
0274.jpg,IPSALA
0275.jpg,BINADHAN25
0276.png,BUZGULU
0277.jpg,IPSALA
0278.jpg,BD30
0279.jpg,KARACADAG
0280.jpg,BR22
0281.jpg,IPSALA
0282.jpg,BR22
0283.jpg,IPSALA
0284.jpg,BASMATI
0285.jpg,BD72
0286.jpg,BINADHAN25
0287.png,BUZGULU
0288.png,ALA_IDRIS
0289.jpg,BINADHAN25
0290.jpg,ARBORIO
0291.jpg,BR22
0292.jpg,BINADHAN16
0293.png,BUZGULU
0294.jpg,KIRMIZI
0295.jpg,BD30
0296.jpg,BASMATI
0297.jpg,BINADHAN25
0298.jpg,KIRMIZI
0299.jpg,BR22
0300.jpg,BINADHAN7
0301.png,DIMNIT
0302.jpg,BRRI67
0303.jpg,BINADHAN7
0304.jpg,BASMATI
0305.jpg,BINADHAN25
0306.jpg,BR22
0307.jpg,BINADHAN16
0308.jpg,BD72
0309.jpg,KIRMIZI
0310.jpg,BINADHAN25
0311.jpg,BASMATI
0312.jpg,BINADHAN7
0313.jpg,BD95
0314.jpg,BD95
0315.jpg,BD72
0316.jpg,BD72
0317.jpg,SIIRT
0318.jpg,ARBORIO
0319.jpg,BD95
0320.jpg,BD95
0321.jpg,ARBORIO
0322.jpg,BR22
0323.jpg,KARACADAG
0324.jpg,BD30
0325.jpg,BINADHAN7
0326.jpg,KIRMIZI
0327.jpg,BINADHAN25
0328.jpg,BD95
0329.jpg,BD95
0330.jpg,BASMATI
0331.jpg,BR22
0332.jpg,BINADHAN7
0333.jpg,BINADHAN7
0334.png,NAZLI
0335.jpg,KIRMIZI
0336.jpg,BD95
0337.jpg,BASMATI
0338.jpg,SIIRT
0339.jpg,BINADHAN16
0340.jpg,KARACADAG
0341.jpg,BD95
0342.jpg,IPSALA
0343.jpg,BINADHAN16
0344.jpg,KARACADAG
0345.jpg,BINADHAN16
0346.jpg,BD95
0347.jpg,KARACADAG
0348.jpg,SIIRT
0349.jpg,BINADHAN7
0350.jpg,BASMATI
0351.jpg,JASMINE
0352.png,DIMNIT
0353.jpg,BINADHAN25
0354.jpg,IPSALA
0355.png,AK
0356.jpg,JASMINE
0357.jpg,BRRI67
0358.jpg,BD72
0359.jpg,SIIRT
0360.jpg,BASMATI
0361.jpg,BINADHAN25
0362.jpg,BASMATI
0363.png,NAZLI
0364.jpg,BINADHAN7
0365.jpg,BASMATI
0366.jpg,BINADHAN7
0367.jpg,KIRMIZI
0368.jpg,BASMATI
0369.jpg,KIRMIZI
0370.jpg,ARBORIO
0371.jpg,KARACADAG
0372.jpg,KIRMIZI
0373.jpg,SIIRT
0374.jpg,BRRI67
0375.jpg,BD95
0376.jpg,IPSALA
0377.png,AK
0378.jpg,SIIRT
0379.jpg,JASMINE
0380.jpg,BD30
0381.jpg,BR22
0382.jpg,KARACADAG
0383.jpg,BRRI67
0384.jpg,BINADHAN16
0385.jpg,KIRMIZI
0386.jpg,BINADHAN16
0387.png,DIMNIT
0388.jpg,BR22
0389.jpg,BINADHAN7
0390.jpg,BASMATI
0391.jpg,JASMINE
0392.jpg,BD95
0393.jpg,BR22
0394.jpg,BINADHAN16
0395.jpg,KARACADAG
0396.jpg,IPSALA
0397.jpg,BASMATI
0398.jpg,BASMATI
0399.jpg,BD95
0400.jpg,BINADHAN25
0401.jpg,KARACADAG
0402.jpg,BINADHAN16
0403.jpg,BR22
0404.jpg,BINADHAN7
0405.jpg,BD95
0406.jpg,BINADHAN16
0407.jpg,BR22
0408.png,AK
0409.jpg,ARBORIO
0410.jpg,BRRI67
0411.jpg,IPSALA
0412.jpg,KARACADAG
0413.jpg,KARACADAG
0414.jpg,ARBORIO
0415.jpg,BASMATI
0416.png,AK
0417.jpg,BRRI67
0418.jpg,ARBORIO
0419.jpg,IPSALA
0420.jpg,BD72
0421.jpg,KARACADAG
0422.jpg,IPSALA
0423.jpg,BINADHAN7
0424.jpg,SIIRT
0425.jpg,ARBORIO
0426.jpg,BINADHAN7
0427.jpg,BRRI67
0428.jpg,BINADHAN7
0429.jpg,BASMATI
0430.jpg,BRRI67
0431.jpg,IPSALA
0432.jpg,KARACADAG
0433.jpg,SIIRT
0434.jpg,KARACADAG
0435.jpg,BASMATI
0436.jpg,ARBORIO
0437.jpg,BD95
0438.jpg,BRRI67
0439.jpg,IPSALA
0440.jpg,BINADHAN7
0441.jpg,IPSALA
0442.jpg,BR22
0443.jpg,BINADHAN7
0444.jpg,BD95
0445.png,DIMNIT
0446.jpg,BD72
0447.jpg,KARACADAG
0448.jpg,JASMINE
0449.jpg,ARBORIO
0450.jpg,BD95
0451.png,BUZGULU
0452.jpg,SIIRT
0453.jpg,SIIRT
0454.jpg,KIRMIZI
0455.jpg,BASMATI
0456.jpg,BASMATI
0457.jpg,SIIRT
0458.jpg,BR22
0459.jpg,BD30
0460.jpg,BRRI67
0461.jpg,BINADHAN7
0462.jpg,KARACADAG
0463.jpg,BASMATI
0464.jpg,KIRMIZI
0465.jpg,BASMATI
0466.jpg,BD72
0467.jpg,IPSALA
0468.jpg,KIRMIZI
0469.jpg,BD30
0470.jpg,KIRMIZI
0471.jpg,BD30
0472.jpg,JASMINE
0473.jpg,BINADHAN7
0474.jpg,BINADHAN25
0475.jpg,BINADHAN16
0476.png,NAZLI
0477.jpg,BD95
0478.jpg,KARACADAG
0479.jpg,BASMATI
0480.jpg,IPSALA
0481.jpg,BD95
0482.jpg,BINADHAN25
0483.jpg,BINADHAN25
0484.jpg,BASMATI
0485.jpg,IPSALA
0486.jpg,JASMINE
0487.jpg,BINADHAN7
0488.jpg,BINADHAN16
0489.jpg,BINADHAN7
0490.jpg,BD95
0491.jpg,KARACADAG
0492.jpg,IPSALA
0493.png,DIMNIT
0494.jpg,BINADHAN16
0495.jpg,BINADHAN25
0496.jpg,BD72
0497.jpg,JASMINE
0498.jpg,KARACADAG
0499.png,AK
0500.jpg,BR22
0501.jpg,BR22
0502.jpg,ARBORIO
0503.jpg,BD30
0504.jpg,BR22
0505.jpg,BASMATI
0506.jpg,BINADHAN7
0507.jpg,KARACADAG
0508.jpg,ARBORIO
0509.jpg,KIRMIZI
0510.jpg,BD95
0511.jpg,IPSALA
0512.png,AK
0513.jpg,BINADHAN25
0514.jpg,BASMATI
0515.jpg,BINADHAN16
0516.jpg,BD95
0517.jpg,BINADHAN7
0518.jpg,KARACADAG
0519.jpg,SIIRT
0520.jpg,BD72
0521.jpg,KIRMIZI
0522.jpg,BASMATI
0523.jpg,SIIRT
0524.png,AK
0525.png,BUZGULU
0526.jpg,KARACADAG
0527.jpg,ARBORIO
0528.jpg,KIRMIZI
0529.jpg,IPSALA
0530.jpg,BASMATI
0531.jpg,BR22
0532.jpg,BINADHAN7
0533.jpg,BINADHAN25
0534.jpg,BD72
0535.jpg,KARACADAG
0536.jpg,IPSALA
0537.jpg,SIIRT
0538.jpg,SIIRT
0539.jpg,IPSALA
0540.jpg,ARBORIO
0541.jpg,BRRI67
0542.jpg,BD95
0543.jpg,KIRMIZI
0544.jpg,KARACADAG
0545.jpg,BINADHAN16
0546.jpg,KARACADAG
0547.jpg,BINADHAN7
0548.jpg,BASMATI
0549.jpg,KARACADAG
0550.jpg,SIIRT
0551.jpg,BD95
0552.jpg,BASMATI
0553.jpg,IPSALA
0554.png,AK
0555.png,AK
0556.jpg,BD30
0557.jpg,SIIRT
0558.jpg,KIRMIZI
0559.jpg,BINADHAN7
0560.png,ALA_IDRIS
0561.jpg,ARBORIO
0562.jpg,BRRI67
0563.jpg,BINADHAN7
0564.jpg,KIRMIZI
0565.jpg,BD95
0566.jpg,BD30
0567.jpg,KARACADAG
0568.jpg,KARACADAG
0569.jpg,BD30
0570.jpg,BINADHAN16
0571.jpg,BINADHAN25
0572.jpg,BD95
0573.jpg,BD72
0574.jpg,KARACADAG
0575.jpg,BINADHAN25
0576.jpg,BINADHAN25
0577.jpg,BD72
0578.jpg,BINADHAN25
0579.jpg,BD95
0580.jpg,BD30
0581.jpg,BRRI67
0582.jpg,BINADHAN25
0583.jpg,ARBORIO
0584.jpg,BD72
0585.jpg,KARACADAG
0586.jpg,BINADHAN7
0587.jpg,BINADHAN7
0588.jpg,BINADHAN16
0589.jpg,ARBORIO
0590.jpg,BINADHAN25
0591.jpg,KIRMIZI
0592.jpg,BD72
0593.jpg,BINADHAN25
0594.jpg,BD95
0595.jpg,BR22
0596.jpg,KARACADAG
0597.jpg,BD72
0598.jpg,SIIRT
0599.jpg,BD30
0600.jpg,KARACADAG
0601.jpg,BINADHAN7
0602.jpg,BASMATI
0603.jpg,BR22
0604.jpg,BD95
0605.jpg,BD95
0606.jpg,BINADHAN7
0607.jpg,IPSALA
0608.jpg,BD30
0609.jpg,IPSALA
0610.jpg,BASMATI
0611.jpg,SIIRT
0612.jpg,SIIRT
0613.jpg,BD95
0614.jpg,KARACADAG
0615.jpg,ARBORIO
0616.jpg,KARACADAG
0617.jpg,ARBORIO
0618.jpg,BR22
0619.jpg,SIIRT
0620.jpg,JASMINE
0621.jpg,BINADHAN16
0622.jpg,JASMINE
0623.jpg,BASMATI
0624.jpg,BASMATI
0625.png,BUZGULU
0626.jpg,ARBORIO
0627.jpg,IPSALA
0628.jpg,BINADHAN7
0629.png,AK
0630.jpg,BINADHAN7
0631.jpg,IPSALA
0632.jpg,BINADHAN7
0633.jpg,KARACADAG
0634.jpg,BR22
0635.jpg,IPSALA
0636.jpg,IPSALA
0637.jpg,KIRMIZI
0638.jpg,BD95
0639.jpg,BRRI67
0640.jpg,KIRMIZI
0641.png,NAZLI
0642.jpg,BINADHAN25
0643.png,NAZLI
0644.jpg,BD95
0645.jpg,BR22
0646.jpg,KIRMIZI
0647.jpg,BR22
0648.jpg,BRRI67
0649.jpg,ARBORIO
0650.jpg,BD95
0651.jpg,BR22
0652.jpg,ARBORIO
0653.jpg,SIIRT
0654.jpg,SIIRT
0655.jpg,KARACADAG
0656.jpg,BASMATI
0657.jpg,BINADHAN16
0658.jpg,ARBORIO
0659.jpg,SIIRT
0660.jpg,BASMATI
0661.jpg,BASMATI
0662.jpg,BASMATI
0663.jpg,BINADHAN25
0664.jpg,KIRMIZI
0665.jpg,BR22
0666.jpg,KARACADAG
0667.jpg,BR22
0668.jpg,SIIRT
0669.jpg,IPSALA
0670.jpg,KARACADAG
0671.jpg,KARACADAG
0672.jpg,BINADHAN25
0673.jpg,BINADHAN16
0674.png,ALA_IDRIS
0675.jpg,BD72
0676.jpg,IPSALA
0677.jpg,ARBORIO
0678.jpg,KARACADAG
0679.jpg,KARACADAG
0680.png,NAZLI
0681.jpg,KARACADAG
0682.jpg,BD72
0683.jpg,BD95
0684.jpg,KIRMIZI
0685.jpg,BASMATI
0686.jpg,KIRMIZI
0687.jpg,BINADHAN16
0688.jpg,KARACADAG
0689.jpg,BD95
0690.png,NAZLI
0691.jpg,KARACADAG
0692.jpg,BINADHAN25
0693.jpg,BR22
0694.jpg,BASMATI
0695.jpg,BD72
0696.jpg,BINADHAN16
0697.jpg,BINADHAN16
0698.jpg,KARACADAG
0699.jpg,BR22
0700.jpg,BINADHAN16
0701.jpg,BINADHAN7
0702.jpg,KIRMIZI
0703.jpg,KARACADAG
0704.jpg,KIRMIZI
0705.jpg,IPSALA
0706.jpg,BD30
0707.jpg,BR22
0708.jpg,BINADHAN7
0709.jpg,BD72
0710.jpg,BD30
0711.jpg,BR22
0712.jpg,ARBORIO
0713.jpg,BD95
0714.jpg,BASMATI
0715.jpg,KARACADAG
0716.png,ALA_IDRIS
0717.jpg,BINADHAN16
0718.jpg,BD95
0719.jpg,BD95
0720.jpg,BINADHAN16
0721.jpg,ARBORIO
0722.jpg,BD30
0723.jpg,BASMATI
0724.jpg,SIIRT
0725.jpg,BASMATI
0726.jpg,BINADHAN16
0727.jpg,KARACADAG
0728.jpg,BD95
0729.jpg,ARBORIO
0730.jpg,BINADHAN16
0731.jpg,SIIRT
0732.jpg,JASMINE
0733.jpg,BINADHAN16
0734.jpg,JASMINE
0735.png,BUZGULU
0736.jpg,BASMATI
0737.jpg,BINADHAN16
0738.jpg,KARACADAG
0739.jpg,KARACADAG
0740.jpg,BRRI67
0741.jpg,BD72
0742.jpg,KIRMIZI
0743.jpg,ARBORIO
0744.jpg,BINADHAN16
0745.jpg,BINADHAN16
0746.png,BUZGULU
0747.jpg,BINADHAN16
0748.jpg,IPSALA
0749.jpg,BASMATI
0750.jpg,BINADHAN7
0751.jpg,SIIRT
0752.jpg,ARBORIO
0753.jpg,BINADHAN25
0754.jpg,BASMATI
0755.jpg,BD95
0756.png,ALA_IDRIS
0757.jpg,KIRMIZI
0758.jpg,BD30
0759.jpg,KARACADAG
0760.png,NAZLI
0761.jpg,BR22
0762.jpg,BINADHAN7
0763.png,ALA_IDRIS
0764.jpg,BD30
0765.jpg,BD30
0766.jpg,BINADHAN7
0767.jpg,ARBORIO
0768.jpg,BASMATI
0769.jpg,BASMATI
0770.jpg,KIRMIZI
0771.png,DIMNIT
0772.png,DIMNIT
0773.jpg,BINADHAN25
0774.jpg,BD30
0775.jpg,KARACADAG
0776.png,DIMNIT
0777.jpg,BASMATI
0778.jpg,KIRMIZI
0779.jpg,BASMATI
0780.jpg,BR22
0781.jpg,BD72
0782.jpg,BINADHAN25
0783.jpg,BINADHAN7
0784.jpg,BR22
0785.jpg,BD30
0786.jpg,KIRMIZI
0787.jpg,BINADHAN7
0788.jpg,SIIRT
0789.jpg,BD95
0790.jpg,JASMINE
0791.jpg,JASMINE
0792.jpg,BASMATI
0793.jpg,KIRMIZI
0794.jpg,BD72
0795.jpg,BINADHAN7
0796.jpg,BASMATI
0797.jpg,BD95
0798.jpg,BRRI67
0799.jpg,BD95
0800.jpg,BD30
0801.jpg,IPSALA
0802.jpg,BASMATI
0803.jpg,BD30
0804.jpg,BINADHAN16
0805.jpg,BD30
0806.jpg,KARACADAG
0807.jpg,BD30
0808.jpg,BD95
0809.jpg,BASMATI
0810.jpg,BINADHAN7
0811.png,DIMNIT
0812.jpg,BINADHAN25
0813.jpg,KARACADAG
0814.jpg,KIRMIZI
0815.jpg,BR22
0816.jpg,BRRI67
0817.jpg,BD30
0818.png,ALA_IDRIS
0819.jpg,BD95
0820.jpg,KARACADAG
0821.jpg,BINADHAN16
0822.jpg,BD30
0823.jpg,BRRI67
0824.jpg,IPSALA
0825.jpg,BD72
0826.jpg,KARACADAG
0827.jpg,KARACADAG
0828.jpg,BRRI67
0829.jpg,BD72
0830.jpg,BRRI67
0831.jpg,BD30
0832.jpg,BINADHAN16
0833.jpg,KIRMIZI
0834.jpg,BR22
0835.jpg,ARBORIO
0836.jpg,KARACADAG
0837.jpg,BINADHAN7
0838.jpg,BD95
0839.jpg,ARBORIO
0840.jpg,KIRMIZI
0841.jpg,SIIRT
0842.jpg,BR22
0843.jpg,SIIRT
0844.jpg,SIIRT
0845.jpg,KIRMIZI
0846.jpg,BINADHAN16
0847.jpg,BRRI67
0848.jpg,BD95
0849.png,NAZLI
0850.jpg,ARBORIO
0851.jpg,BD95
0852.jpg,BD72
0853.jpg,BR22
0854.jpg,ARBORIO
0855.jpg,BD95
0856.jpg,BD30
0857.jpg,BD30
0858.jpg,SIIRT
0859.jpg,BD95
0860.jpg,BASMATI
0861.png,BUZGULU
0862.jpg,KARACADAG
0863.jpg,BINADHAN16
0864.jpg,BINADHAN16
0865.jpg,BD72
0866.jpg,SIIRT
0867.jpg,ARBORIO
0868.jpg,KIRMIZI
0869.jpg,BINADHAN25
0870.jpg,BD95
0871.jpg,KARACADAG
0872.jpg,IPSALA
0873.jpg,KARACADAG
0874.jpg,BINADHAN7
0875.jpg,BD95
0876.jpg,BD72
0877.jpg,BR22
0878.jpg,BD72
0879.jpg,IPSALA
0880.jpg,KIRMIZI
0881.jpg,BD30
0882.jpg,BD72
0883.jpg,BD95
0884.jpg,KIRMIZI
0885.jpg,KIRMIZI
0886.jpg,BRRI67
0887.jpg,KARACADAG
0888.jpg,IPSALA
0889.jpg,BRRI67
0890.jpg,BASMATI
0891.jpg,JASMINE
0892.png,NAZLI
0893.jpg,IPSALA
0894.png,AK
0895.jpg,KIRMIZI
0896.jpg,BINADHAN7
0897.png,ALA_IDRIS
0898.jpg,BINADHAN25
0899.jpg,BD95
0900.jpg,BD95
0901.jpg,SIIRT
0902.jpg,SIIRT
0903.jpg,BINADHAN25
0904.jpg,BRRI67
0905.jpg,BR22
0906.jpg,BASMATI
0907.jpg,KARACADAG
0908.jpg,ARBORIO
0909.png,ALA_IDRIS
0910.jpg,KARACADAG
0911.jpg,ARBORIO
0912.jpg,SIIRT
0913.jpg,KIRMIZI
0914.jpg,IPSALA
0915.jpg,BD30
0916.jpg,KARACADAG
0917.jpg,SIIRT
0918.jpg,BD95
0919.jpg,KARACADAG
0920.jpg,JASMINE
0921.jpg,BINADHAN25
0922.jpg,KIRMIZI
0923.jpg,BD30
0924.jpg,SIIRT
0925.jpg,SIIRT
0926.jpg,KARACADAG
0927.jpg,BD95
0928.jpg,BINADHAN7
0929.jpg,KARACADAG
0930.jpg,BINADHAN7
0931.jpg,BR22
0932.jpg,ARBORIO
0933.jpg,BD72
0934.jpg,BD95
0935.jpg,BINADHAN16
0936.jpg,BRRI67
0937.jpg,BINADHAN16
0938.jpg,BRRI67
0939.jpg,KIRMIZI
0940.jpg,BINADHAN16
0941.jpg,BASMATI
0942.jpg,ARBORIO
0943.jpg,BD30
0944.jpg,BINADHAN25
0945.jpg,KIRMIZI
0946.jpg,BD95
0947.jpg,KARACADAG
0948.jpg,BINADHAN25
0949.jpg,KIRMIZI
0950.jpg,BINADHAN25
0951.jpg,BASMATI
0952.jpg,BINADHAN7
0953.jpg,BINADHAN16
0954.jpg,BD72
0955.jpg,BASMATI
0956.jpg,BD30
0957.jpg,BASMATI
0958.jpg,BD95
0959.jpg,KARACADAG
0960.jpg,BINADHAN7
0961.jpg,BR22
0962.png,ALA_IDRIS
0963.jpg,BASMATI
0964.jpg,BASMATI
0965.jpg,ARBORIO
0966.jpg,SIIRT
0967.jpg,BD30
0968.jpg,BINADHAN7
0969.jpg,KARACADAG
0970.jpg,KARACADAG
0971.jpg,BRRI67
0972.jpg,BINADHAN7
0973.jpg,BRRI67
0974.jpg,IPSALA
0975.jpg,KARACADAG
0976.jpg,BR22
0977.jpg,BD95
0978.jpg,IPSALA
0979.jpg,KIRMIZI
0980.jpg,KARACADAG
0981.jpg,KIRMIZI
0982.jpg,KIRMIZI
0983.jpg,BR22
0984.jpg,KARACADAG
0985.jpg,BD95
0986.jpg,BD30
0987.jpg,KARACADAG
0988.jpg,BASMATI
0989.jpg,BD72
0990.jpg,ARBORIO
0991.jpg,BR22
0992.jpg,BD95
0993.jpg,SIIRT
0994.jpg,BR22
0995.jpg,BRRI67
0996.jpg,BINADHAN7
0997.jpg,IPSALA
0998.jpg,BD30
0999.jpg,BR22
1000.jpg,BRRI67
1001.jpg,SIIRT
1002.jpg,SIIRT
1003.jpg,BD95
1004.jpg,KIRMIZI
1005.jpg,JASMINE
1006.jpg,SIIRT
1007.jpg,JASMINE
1008.jpg,KARACADAG
1009.jpg,BR22
1010.jpg,SIIRT
1011.jpg,ARBORIO
1012.jpg,SIIRT
1013.jpg,IPSALA
1014.jpg,KIRMIZI
1015.png,DIMNIT
1016.jpg,IPSALA
1017.jpg,SIIRT
1018.jpg,BR22
1019.jpg,BINADHAN25
1020.jpg,KIRMIZI
1021.jpg,BD72
1022.jpg,BD72
1023.jpg,BD95
1024.jpg,BINADHAN25
1025.jpg,IPSALA
1026.jpg,SIIRT
1027.jpg,BD30
1028.png,BUZGULU
1029.jpg,ARBORIO
1030.jpg,BINADHAN25
1031.jpg,BD72
1032.jpg,KARACADAG
1033.jpg,BRRI67
1034.jpg,BD95
1035.jpg,BD72
1036.jpg,ARBORIO
1037.jpg,BINADHAN7
1038.jpg,BINADHAN7
1039.jpg,KIRMIZI
1040.jpg,KARACADAG
1041.png,ALA_IDRIS
1042.jpg,JASMINE
1043.jpg,BR22
1044.jpg,KIRMIZI
1045.jpg,BINADHAN25
1046.png,BUZGULU
1047.jpg,KARACADAG
1048.jpg,BASMATI
1049.jpg,JASMINE
1050.jpg,BASMATI
1051.jpg,BD95
1052.jpg,KARACADAG
1053.jpg,BD30
1054.jpg,BRRI67
1055.jpg,BD30
1056.jpg,BD72
1057.jpg,BINADHAN25
1058.jpg,BR22
1059.jpg,KARACADAG
1060.jpg,IPSALA
1061.jpg,BD95
1062.jpg,BINADHAN7
1063.jpg,BD95
1064.jpg,BRRI67
1065.jpg,KARACADAG
1066.jpg,BASMATI
1067.jpg,BR22
1068.jpg,BD72
1069.jpg,BASMATI
1070.jpg,BR22
1071.jpg,BD72
1072.jpg,SIIRT
1073.jpg,BASMATI
1074.jpg,BINADHAN25
1075.jpg,BASMATI
1076.jpg,BR22
1077.jpg,BINADHAN16
1078.jpg,KARACADAG
1079.jpg,BINADHAN25
1080.jpg,BD72
1081.jpg,KARACADAG
1082.jpg,KIRMIZI
1083.jpg,BINADHAN25
1084.jpg,KARACADAG
1085.jpg,BINADHAN16
1086.jpg,ARBORIO
1087.jpg,BINADHAN16
1088.jpg,KIRMIZI
1089.jpg,BD72
1090.jpg,BD72
1091.jpg,KIRMIZI
1092.jpg,KARACADAG
1093.jpg,BINADHAN7
1094.jpg,BR22
1095.jpg,KARACADAG
1096.jpg,BINADHAN7
1097.jpg,BD95
1098.jpg,BD72
1099.jpg,SIIRT
1100.jpg,KARACADAG
1101.jpg,ARBORIO
1102.jpg,KIRMIZI
1103.jpg,KIRMIZI
1104.jpg,KIRMIZI
1105.jpg,BINADHAN25
1106.jpg,BD72
1107.png,DIMNIT
1108.jpg,SIIRT
1109.jpg,KIRMIZI
1110.jpg,BRRI67
1111.jpg,KARACADAG
1112.jpg,SIIRT
1113.jpg,BASMATI
1114.jpg,BASMATI
1115.png,NAZLI
1116.jpg,BRRI67
1117.jpg,IPSALA
1118.jpg,BASMATI
1119.png,AK
1120.jpg,BINADHAN7
1121.jpg,BINADHAN7
1122.jpg,KARACADAG
1123.jpg,BASMATI
1124.jpg,BINADHAN7
1125.jpg,BD72
1126.jpg,BR22
1127.jpg,BD30
1128.jpg,BR22
1129.jpg,BR22
1130.jpg,BD30
1131.jpg,BASMATI
1132.jpg,BD72
1133.jpg,BASMATI
1134.jpg,BRRI67
1135.jpg,BD95
1136.jpg,IPSALA
1137.jpg,BRRI67
1138.jpg,BD95
1139.jpg,IPSALA
1140.jpg,BD95
1141.png,BUZGULU
1142.jpg,BINADHAN7
1143.jpg,KARACADAG
1144.jpg,BASMATI
1145.jpg,SIIRT
1146.jpg,BINADHAN16
1147.jpg,BD72
1148.jpg,BD72
1149.jpg,ARBORIO
1150.jpg,IPSALA
1151.jpg,KIRMIZI
1152.jpg,BR22
1153.jpg,KARACADAG
1154.jpg,IPSALA
1155.jpg,IPSALA
1156.jpg,SIIRT
1157.jpg,BD72
1158.jpg,BRRI67
1159.jpg,BINADHAN25
1160.png,DIMNIT
1161.jpg,BR22
1162.jpg,BRRI67
1163.jpg,ARBORIO
1164.jpg,BD95
1165.jpg,BINADHAN16
1166.jpg,BINADHAN16
1167.jpg,IPSALA
1168.jpg,BD95
1169.jpg,KARACADAG
1170.jpg,BINADHAN25
1171.jpg,ARBORIO
1172.jpg,JASMINE
1173.jpg,BASMATI
1174.jpg,ARBORIO
1175.jpg,IPSALA
1176.jpg,BRRI67
1177.png,BUZGULU
1178.jpg,BR22
1179.jpg,KARACADAG
1180.jpg,SIIRT
1181.jpg,BINADHAN7
1182.jpg,BRRI67
1183.jpg,BINADHAN16
1184.jpg,KARACADAG
1185.jpg,BINADHAN25
1186.jpg,BASMATI
1187.jpg,BINADHAN16
1188.png,ALA_IDRIS
1189.jpg,KARACADAG
1190.jpg,BD30
1191.jpg,BINADHAN16
1192.jpg,BINADHAN7
1193.jpg,ARBORIO
1194.png,BUZGULU
1195.jpg,KIRMIZI
1196.jpg,SIIRT
1197.jpg,BR22
1198.jpg,ARBORIO
1199.jpg,BINADHAN7
1200.jpg,BINADHAN7
1201.jpg,BINADHAN7
1202.jpg,ARBORIO
1203.jpg,SIIRT
1204.jpg,BINADHAN25
1205.jpg,BRRI67
1206.jpg,SIIRT
1207.jpg,BD72
1208.jpg,KIRMIZI
1209.jpg,BD30
1210.jpg,BR22
1211.jpg,BINADHAN16
1212.jpg,BD30
1213.jpg,BINADHAN7
1214.jpg,BD72
1215.jpg,JASMINE
1216.png,NAZLI
1217.jpg,BD95
1218.jpg,BRRI67
1219.jpg,KIRMIZI
1220.jpg,BD30
1221.jpg,KARACADAG
1222.jpg,BD95
1223.jpg,KIRMIZI
1224.jpg,BINADHAN16
1225.jpg,BD72
1226.jpg,BASMATI
1227.jpg,BR22
1228.jpg,SIIRT
1229.jpg,ARBORIO
1230.jpg,BASMATI
1231.jpg,KARACADAG
1232.jpg,BD30
1233.jpg,KIRMIZI
1234.jpg,BINADHAN25
1235.jpg,SIIRT
1236.jpg,BASMATI
1237.jpg,BASMATI
1238.jpg,SIIRT
1239.jpg,KARACADAG
1240.jpg,BD72
1241.jpg,BRRI67
1242.jpg,BRRI67
1243.jpg,BD95
1244.png,DIMNIT
1245.jpg,BD30
1246.jpg,BD72
1247.jpg,BD30
1248.jpg,KARACADAG
1249.jpg,BINADHAN25
1250.jpg,BR22
1251.jpg,BR22
1252.jpg,KIRMIZI
1253.jpg,BINADHAN16
1254.jpg,BINADHAN7
1255.jpg,BINADHAN25
1256.jpg,BD30
1257.jpg,BD95
1258.jpg,BINADHAN7
1259.jpg,BINADHAN7
1260.jpg,BD30
1261.jpg,BR22
1262.jpg,BD72
1263.png,AK
1264.jpg,BD30
1265.jpg,KIRMIZI
1266.jpg,BINADHAN25
1267.jpg,BASMATI
1268.jpg,SIIRT
1269.jpg,JASMINE
1270.jpg,SIIRT
1271.jpg,BASMATI
1272.jpg,KARACADAG
1273.jpg,BRRI67
1274.jpg,ARBORIO
1275.jpg,BRRI67
1276.jpg,BINADHAN25
1277.jpg,IPSALA
1278.jpg,BINADHAN16
1279.jpg,BINADHAN25
1280.jpg,BINADHAN25
1281.jpg,BR22
1282.jpg,IPSALA
1283.jpg,BD95
1284.jpg,BD30
1285.jpg,KARACADAG
1286.jpg,BRRI67
1287.jpg,BD72
1288.jpg,KARACADAG
1289.jpg,BD30
1290.jpg,BINADHAN16
1291.jpg,BD30
1292.jpg,BD72
1293.jpg,BINADHAN25
1294.jpg,BD30
1295.jpg,BD30
1296.jpg,BRRI67
1297.jpg,BD72
1298.jpg,IPSALA
1299.jpg,BR22
1300.png,BUZGULU
1301.jpg,BINADHAN25
1302.jpg,IPSALA
1303.jpg,BR22
1304.jpg,BINADHAN7
1305.jpg,BINADHAN25
1306.jpg,ARBORIO
1307.jpg,BINADHAN16
1308.jpg,BD72
1309.jpg,BINADHAN16
1310.jpg,KIRMIZI
1311.jpg,BD30
1312.jpg,IPSALA
1313.jpg,BRRI67
1314.png,NAZLI
1315.jpg,KIRMIZI
1316.jpg,JASMINE
1317.png,NAZLI
1318.jpg,IPSALA
1319.jpg,BINADHAN25
1320.jpg,BR22
1321.jpg,BD30
1322.jpg,BASMATI
1323.jpg,BINADHAN16
1324.jpg,SIIRT
1325.jpg,SIIRT
1326.jpg,BD30
1327.png,DIMNIT
1328.jpg,BINADHAN16
1329.jpg,SIIRT
1330.jpg,BASMATI
1331.jpg,BINADHAN7
1332.jpg,BINADHAN25
1333.jpg,KIRMIZI
1334.jpg,KARACADAG
1335.jpg,BINADHAN25
1336.jpg,IPSALA
1337.jpg,BRRI67
1338.jpg,JASMINE
1339.jpg,BINADHAN16
1340.jpg,BD95
1341.jpg,BINADHAN16
1342.jpg,KARACADAG
1343.jpg,IPSALA
1344.png,NAZLI
1345.jpg,BASMATI
1346.jpg,BINADHAN16
1347.jpg,BR22
1348.jpg,KIRMIZI
1349.jpg,BASMATI
1350.png,ALA_IDRIS
1351.jpg,BD72
1352.jpg,BR22
1353.jpg,SIIRT
1354.jpg,BR22
1355.jpg,BD95
1356.jpg,KIRMIZI
1357.jpg,BRRI67
1358.jpg,BD30
1359.jpg,BINADHAN7
1360.jpg,BD30
1361.jpg,BINADHAN16
1362.jpg,KARACADAG
1363.jpg,SIIRT
1364.jpg,KARACADAG
1365.jpg,BD72
1366.jpg,KIRMIZI
1367.jpg,BR22
1368.jpg,IPSALA
1369.jpg,BD95
1370.jpg,BINADHAN16
1371.jpg,BR22
1372.jpg,KARACADAG
1373.jpg,BINADHAN7
1374.jpg,KARACADAG
1375.jpg,ARBORIO
1376.jpg,BINADHAN7
1377.jpg,ARBORIO
1378.jpg,SIIRT
1379.jpg,ARBORIO
1380.jpg,BD72
1381.jpg,JASMINE
1382.jpg,BRRI67
1383.jpg,BINADHAN7
1384.jpg,ARBORIO
1385.jpg,SIIRT
1386.jpg,BD72
1387.jpg,BD95
1388.jpg,KARACADAG
1389.jpg,SIIRT
1390.jpg,BR22
1391.jpg,BRRI67
1392.png,AK
1393.jpg,BRRI67
1394.jpg,KIRMIZI
1395.jpg,BASMATI
1396.jpg,BINADHAN16
1397.jpg,KIRMIZI
1398.jpg,BD72
1399.jpg,IPSALA
1400.jpg,BINADHAN16
1401.jpg,KARACADAG
1402.jpg,BD72
1403.jpg,BINADHAN25
1404.jpg,SIIRT
1405.jpg,BD72
1406.jpg,SIIRT
1407.jpg,IPSALA
1408.jpg,IPSALA
1409.jpg,IPSALA
1410.jpg,BINADHAN25
1411.jpg,JASMINE
1412.jpg,SIIRT
1413.jpg,BINADHAN7
1414.jpg,BD72
1415.png,BUZGULU
1416.jpg,BD95
1417.jpg,JASMINE
1418.jpg,IPSALA
1419.jpg,BRRI67
1420.jpg,SIIRT
1421.jpg,ARBORIO
1422.jpg,BINADHAN7
1423.jpg,KARACADAG
1424.jpg,BINADHAN25
1425.jpg,SIIRT
1426.jpg,BR22
1427.jpg,BD30
1428.jpg,BINADHAN7
1429.jpg,BINADHAN25
1430.png,BUZGULU
1431.jpg,BD95
1432.jpg,ARBORIO
1433.jpg,BASMATI
1434.jpg,KIRMIZI
1435.jpg,BINADHAN16
1436.jpg,BRRI67
1437.jpg,BD30
1438.jpg,BD95
1439.jpg,KIRMIZI
1440.jpg,BRRI67
1441.jpg,IPSALA
1442.jpg,BD30
1443.jpg,BINADHAN7
1444.jpg,ARBORIO
1445.png,AK
1446.jpg,KARACADAG
1447.jpg,SIIRT
1448.jpg,BD95
1449.png,BUZGULU
1450.jpg,BD95
1451.jpg,IPSALA
1452.jpg,BASMATI
1453.jpg,BINADHAN7
1454.jpg,BD95
1455.png,ALA_IDRIS
1456.jpg,BD95
1457.jpg,BASMATI
1458.jpg,BD30
1459.jpg,BD95
1460.jpg,BR22
1461.png,DIMNIT
1462.jpg,BINADHAN7
1463.jpg,BD72
1464.jpg,BD30
1465.jpg,JASMINE
1466.jpg,BD72
1467.jpg,IPSALA
1468.jpg,BINADHAN25
1469.jpg,BD30
1470.jpg,BRRI67
1471.jpg,BR22
1472.jpg,ARBORIO
1473.jpg,BD72
1474.jpg,BINADHAN25
1475.jpg,IPSALA
1476.png,AK
1477.jpg,BASMATI
1478.jpg,KARACADAG
1479.jpg,ARBORIO
1480.jpg,SIIRT
1481.jpg,BD72
1482.jpg,BASMATI
1483.jpg,BASMATI
1484.jpg,BASMATI
1485.jpg,BD95
1486.jpg,BD95
1487.jpg,BINADHAN25
1488.jpg,ARBORIO
1489.jpg,KARACADAG
1490.jpg,BD30
1491.jpg,BR22
1492.jpg,BINADHAN7
1493.jpg,SIIRT
1494.jpg,KIRMIZI
1495.jpg,BD95
1496.jpg,SIIRT
1497.jpg,BINADHAN16
1498.jpg,BINADHAN7
1499.png,ALA_IDRIS
1500.jpg,ARBORIO
1501.jpg,BINADHAN16
1502.jpg,IPSALA
1503.jpg,BD72
1504.jpg,BINADHAN25
1505.jpg,BINADHAN25
1506.jpg,BINADHAN16
1507.jpg,BINADHAN25
1508.jpg,IPSALA
1509.jpg,BD72
1510.jpg,KARACADAG
1511.jpg,BASMATI
1512.jpg,KIRMIZI
1513.jpg,BINADHAN16
1514.png,BUZGULU
1515.jpg,BINADHAN16
1516.jpg,BINADHAN25
1517.jpg,ARBORIO
1518.jpg,KARACADAG
1519.jpg,ARBORIO
1520.jpg,BD95
1521.jpg,SIIRT
1522.jpg,KARACADAG
1523.jpg,BR22
1524.jpg,KIRMIZI
1525.jpg,BD30
1526.jpg,BINADHAN25
1527.png,ALA_IDRIS
1528.jpg,SIIRT
1529.png,AK
1530.jpg,BR22
1531.jpg,BINADHAN7
1532.png,NAZLI
1533.png,NAZLI
1534.jpg,IPSALA
1535.jpg,BD30
1536.jpg,BASMATI
1537.jpg,KARACADAG
1538.jpg,ARBORIO
1539.jpg,BASMATI
1540.jpg,KARACADAG
1541.jpg,IPSALA
1542.png,NAZLI
1543.jpg,BINADHAN7
1544.jpg,BINADHAN16
1545.jpg,IPSALA
1546.jpg,BRRI67
1547.jpg,BD95
1548.jpg,BINADHAN25
1549.jpg,ARBORIO
1550.jpg,BINADHAN25
1551.jpg,SIIRT
1552.jpg,IPSALA
1553.jpg,BINADHAN16
1554.png,AK
1555.jpg,KARACADAG
1556.jpg,SIIRT
1557.jpg,KARACADAG
1558.jpg,BD95
1559.jpg,SIIRT
1560.jpg,BD95
1561.png,DIMNIT
1562.jpg,SIIRT
1563.jpg,BD30
1564.jpg,BRRI67
1565.jpg,BD95
1566.jpg,BINADHAN25
1567.jpg,IPSALA
1568.jpg,BRRI67
1569.jpg,BINADHAN7
1570.jpg,BD72
1571.jpg,BD95
1572.png,AK
1573.jpg,BD72
1574.jpg,SIIRT
1575.jpg,BINADHAN16
1576.jpg,BRRI67
1577.jpg,ARBORIO
1578.jpg,KARACADAG
1579.jpg,KARACADAG
1580.jpg,BD72
1581.jpg,KIRMIZI
1582.jpg,BD72
1583.jpg,BASMATI
1584.jpg,SIIRT
1585.jpg,BD30
1586.jpg,ARBORIO
1587.jpg,BD30
1588.jpg,BINADHAN16
1589.jpg,BINADHAN25
1590.jpg,BRRI67
1591.jpg,BASMATI
1592.jpg,BD30
1593.jpg,BRRI67
1594.jpg,BD72
1595.jpg,ARBORIO
1596.jpg,BASMATI
1597.jpg,BINADHAN25
1598.jpg,BR22
1599.jpg,IPSALA
